code,country,top_tier_share_pct,daioe_g2gen_score,emp_coverage_pct,lfs_year
LU,Luxembourg,66.1,8.6572,100.0,2024
NL,Netherlands,45.1,7.8145,99.7,2025
SE,Sweden,44.3,7.7422,99.6,2025
BE,Belgium,43.8,7.5638,99.6,2025
CY,Cyprus,42.2,7.2533,98.8,2025
DE,Germany,41.3,7.4209,99.6,2025
DK,Denmark,40.6,7.5054,99.5,2025
CH,Switzerland,40.5,7.5909,99.9,2025
LT,Lithuania,39.6,7.3403,99.7,2025
FR,France,38.9,7.3377,99.3,2025
IE,Ireland,38.3,7.5556,100.0,2025
UK,United Kingdom,38.3,7.53,99.7,2019
AT,Austria,37.8,7.2663,99.8,2025
FI,Finland,37.3,7.2907,99.7,2025
NO,Norway,37.3,7.5121,100.0,2025
PL,Poland,37.2,7.1486,99.0,2025
SI,Slovenia,36.8,7.0135,99.4,2025
PT,Portugal,35.8,7.1452,99.5,2025
EE,Estonia,35.4,7.1064,100.0,2025
IS,Iceland,35.2,7.3843,100.0,2025
MT,Malta,35.0,7.272,99.4,2025
CZ,Czechia,34.8,6.9732,99.7,2025
HR,Croatia,34.7,7.0712,99.1,2025
LV,Latvia,34.7,7.0539,99.2,2025
EL,Greece,34.6,7.0261,98.5,2025
HU,Hungary,34.6,6.9287,99.6,2025
SK,Slovakia,34.5,7.0478,99.5,2025
IT,Italy,33.7,6.9554,99.0,2025
ES,Spain,32.4,6.9148,99.6,2025
BG,Bulgaria,32.1,6.9703,99.3,2025
ME,Montenegro,32.1,6.8927,100.0,2020
RS,Serbia,31.1,6.728,99.3,2025
MK,N. Macedonia,28.2,6.5894,99.0,2025
BA,Bosnia & Herz.,24.4,6.4131,99.3,2025
RO,Romania,24.2,6.3441,99.5,2025
TR,Turkey,21.8,6.2149,99.4,2025
