occupation,daioe_genai_score,group,daioe_version
"Coding, proof-reading and related clerks",5.22,most_exposed,v2025
Authors and related writers,4.79,most_exposed,v2025
"Mathematicians, actuaries and statisticians",4.74,most_exposed,v2025
Advertising and marketing professionals,4.68,most_exposed,v2025
Applications programmers,4.68,most_exposed,v2025
Software developers,4.47,most_exposed,v2025
Economists,4.42,most_exposed,v2025
"Statistical, mathematical and related associate professionals",4.4,most_exposed,v2025
Chemical engineers,4.34,most_exposed,v2025
Physicists and astronomers,4.33,most_exposed,v2025
"Fibre preparing, spinning and winding machine operators",1.35,least_exposed,v2025
Structural-metal preparers and erectors,1.34,least_exposed,v2025
Crop farm labourers,1.34,least_exposed,v2025
Subsistence crop farmers,1.34,least_exposed,v2025
Water and firewood collectors,1.33,least_exposed,v2025
Garden and horticultural labourers,1.31,least_exposed,v2025
Miners and quarriers,1.3,least_exposed,v2025
Roofers,1.24,least_exposed,v2025
Athletes and sports players,1.22,least_exposed,v2025
Hand launderers and pressers,1.13,least_exposed,v2025
