year_month,ads,ceiling_pct,ceiling_pct_12m_mean,ai_any_pct,ai_any_pct_12m_mean,floor_pct,floor_pct_12m_mean
2006-01,16244,0.0193,0.0193,0.0185,0.0185,0.0,0.0
2006-02,17371,0.023,0.0211,0.023,0.0207,0.0173,0.0086
2006-03,19977,0.03,0.0241,0.03,0.0238,0.01,0.0091
2006-04,16836,0.0416,0.0285,0.0416,0.0283,0.0119,0.0098
2006-05,23128,0.0346,0.0297,0.0346,0.0295,0.0173,0.0113
2006-06,18735,0.0374,0.031,0.0374,0.0308,0.0107,0.0112
2006-07,9831,0.0305,0.0309,0.0305,0.0308,0.0203,0.0125
2006-08,17505,0.0114,0.0285,0.0114,0.0284,0.0057,0.0117
2006-09,17782,0.0281,0.0284,0.0281,0.0283,0.0169,0.0122
2006-10,19616,0.0306,0.0286,0.0306,0.0286,0.0255,0.0136
2006-11,18788,0.0426,0.0299,0.0426,0.0298,0.0106,0.0133
2006-12,15063,0.0141,0.0286,0.0133,0.0285,0.0133,0.0133
2007-01,19687,0.0115,0.028,0.0102,0.0278,0.0051,0.0137
2007-02,18727,0.034,0.0289,0.032,0.0285,0.0214,0.0141
2007-03,21413,0.024,0.0284,0.0234,0.028,0.0093,0.014
2007-04,19741,0.0514,0.0292,0.0507,0.0287,0.0203,0.0147
2007-05,24568,0.0371,0.0294,0.0366,0.0289,0.0244,0.0153
2007-06,21268,0.02,0.0279,0.0188,0.0273,0.0094,0.0152
2007-07,11797,0.0181,0.0269,0.017,0.0262,0.0085,0.0142
2007-08,19676,0.0229,0.0279,0.0203,0.027,0.0102,0.0146
2007-09,19501,0.0276,0.0278,0.0256,0.0268,0.0103,0.014
2007-10,21192,0.0094,0.0261,0.0094,0.025,0.0047,0.0123
2007-11,21448,0.0186,0.0241,0.0186,0.023,0.0047,0.0118
2007-12,14938,0.082,0.0297,0.0803,0.0286,0.0402,0.014
2008-01,22435,0.0323,0.0315,0.0312,0.0303,0.0089,0.0144
2008-02,22504,0.04,0.0319,0.04,0.031,0.0222,0.0144
2008-03,21186,0.0236,0.0319,0.0236,0.031,0.0142,0.0148
2008-04,25375,0.0438,0.0313,0.0433,0.0304,0.0158,0.0145
2008-05,25684,0.0088,0.0289,0.0078,0.028,0.0078,0.0131
2008-06,19898,0.0358,0.0302,0.0352,0.0294,0.0201,0.014
2008-07,12381,0.0183,0.0303,0.0162,0.0293,0.0,0.0133
2008-08,17280,0.0116,0.0293,0.0116,0.0286,0.0058,0.0129
2008-09,18632,0.0322,0.0297,0.0322,0.0291,0.0215,0.0138
2008-10,17582,0.0129,0.03,0.0114,0.0293,0.0057,0.0139
2008-11,15022,0.0475,0.0324,0.0466,0.0316,0.0133,0.0146
2008-12,12448,0.0321,0.0282,0.0321,0.0276,0.008,0.0119
2009-01,14986,0.04,0.0289,0.04,0.0283,0.0067,0.0118
2009-02,14844,0.0346,0.0284,0.0337,0.0278,0.0202,0.0116
2009-03,15433,0.0932,0.0342,0.0907,0.0334,0.0259,0.0126
2009-04,14998,0.0276,0.0329,0.0267,0.032,0.02,0.0129
2009-05,15475,0.0331,0.0349,0.0323,0.0341,0.0129,0.0133
2009-06,17096,0.0299,0.0344,0.0292,0.0336,0.0234,0.0136
2009-07,8720,0.013,0.034,0.0115,0.0332,0.0115,0.0146
2009-08,13101,0.0258,0.0351,0.0229,0.0341,0.0,0.0141
2009-09,15536,0.0451,0.0362,0.0451,0.0352,0.0064,0.0128
2009-10,15193,0.079,0.0417,0.079,0.0408,0.0527,0.0167
2009-11,15151,0.0396,0.0411,0.0396,0.0402,0.0198,0.0173
2009-12,14218,0.0281,0.0407,0.0281,0.0399,0.0,0.0166
2010-01,16615,0.0421,0.0409,0.0421,0.0401,0.0181,0.0176
2010-02,19551,0.0473,0.042,0.046,0.0411,0.0256,0.018
2010-03,23138,0.0568,0.0389,0.0562,0.0382,0.0173,0.0173
2010-04,22125,0.0497,0.0408,0.0497,0.0401,0.0045,0.016
2010-05,25705,0.0311,0.0406,0.0311,0.04,0.0078,0.0156
2010-06,23336,0.0349,0.041,0.0343,0.0405,0.0214,0.0154
2010-07,13598,0.0303,0.0425,0.0294,0.042,0.0294,0.0169
2010-08,20375,0.0245,0.0424,0.0245,0.0421,0.0147,0.0181
2010-09,23454,0.0352,0.0415,0.0341,0.0412,0.0128,0.0187
2010-10,22983,0.0403,0.0383,0.0392,0.0379,0.0218,0.0161
2010-11,23779,0.0841,0.042,0.0841,0.0416,0.0421,0.018
2010-12,21276,0.0611,0.0448,0.0611,0.0443,0.0282,0.0203
2011-01,24855,0.0448,0.045,0.0443,0.0445,0.0161,0.0201
2011-02,27677,0.047,0.045,0.047,0.0446,0.0145,0.0192
2011-03,31186,0.0525,0.0446,0.0513,0.0442,0.016,0.0191
2011-04,28535,0.0845,0.0475,0.0841,0.047,0.0385,0.0219
2011-05,35306,0.057,0.0497,0.0566,0.0492,0.0227,0.0232
2011-06,26488,0.0576,0.0516,0.0566,0.051,0.0227,0.0233
2011-07,16269,0.0922,0.0567,0.0922,0.0563,0.043,0.0244
2011-08,25244,0.0565,0.0594,0.0555,0.0588,0.0317,0.0258
2011-09,27148,0.0516,0.0608,0.0516,0.0603,0.0184,0.0263
2011-10,25895,0.0628,0.0626,0.0618,0.0622,0.0232,0.0264
2011-11,26923,0.1634,0.0693,0.1634,0.0688,0.0557,0.0276
2011-12,23846,0.0634,0.0694,0.0629,0.0689,0.0335,0.028
2012-01,29164,0.0669,0.0713,0.0651,0.0707,0.0377,0.0298
2012-02,30752,0.0951,0.0753,0.0943,0.0746,0.0195,0.0302
2012-03,32299,0.0472,0.0748,0.0464,0.0742,0.0155,0.0302
2012-04,28825,0.046,0.0716,0.0451,0.071,0.0069,0.0275
2012-05,34003,0.0563,0.0716,0.0559,0.0709,0.0176,0.0271
2012-06,28130,0.0574,0.0716,0.0569,0.0709,0.0284,0.0276
2012-07,17606,0.0341,0.0667,0.0341,0.0661,0.017,0.0254
2012-08,25925,0.0545,0.0666,0.054,0.066,0.0116,0.0237
2012-09,24679,0.1054,0.071,0.1054,0.0704,0.0324,0.0249
2012-10,28065,0.0397,0.0691,0.0392,0.0686,0.0214,0.0248
2012-11,26899,0.0818,0.0623,0.0818,0.0618,0.0223,0.022
2012-12,20462,0.069,0.0628,0.0684,0.0622,0.0293,0.0216
2013-01,31280,0.0456,0.061,0.0448,0.0605,0.0192,0.0201
2013-02,29388,0.0485,0.0571,0.0476,0.0566,0.0204,0.0202
2013-03,30689,0.0428,0.0568,0.0424,0.0563,0.0196,0.0205
2013-04,33303,0.0965,0.061,0.0961,0.0605,0.033,0.0227
2013-05,35286,0.0344,0.0591,0.034,0.0587,0.0142,0.0224
2013-06,27106,0.0885,0.0617,0.0885,0.0614,0.0369,0.0231
2013-07,19538,0.0519,0.0632,0.0512,0.0628,0.0307,0.0242
2013-08,26394,0.0351,0.0616,0.0341,0.0611,0.0038,0.0236
2013-09,27295,0.0485,0.0569,0.0476,0.0563,0.011,0.0218
2013-10,29172,0.0587,0.0584,0.0583,0.0579,0.0103,0.0209
2013-11,28065,0.0437,0.0553,0.0428,0.0547,0.0107,0.0199
2013-12,24421,0.1075,0.0585,0.1065,0.0578,0.0328,0.0202
2014-01,32968,0.0584,0.0595,0.0576,0.0589,0.0212,0.0204
2014-02,32697,0.0642,0.0608,0.0642,0.0603,0.0306,0.0212
2014-03,35011,0.0518,0.0616,0.0514,0.061,0.0171,0.021
2014-04,37299,0.0543,0.0581,0.0536,0.0575,0.0375,0.0214
2014-05,37905,0.0808,0.0619,0.0791,0.0612,0.0237,0.0222
2014-06,33728,0.0752,0.0608,0.0741,0.06,0.0267,0.0213
2014-07,21908,0.052,0.0609,0.0502,0.06,0.0137,0.0199
2014-08,29978,0.0613,0.063,0.06,0.0621,0.0234,0.0216
2014-09,34155,0.1062,0.0678,0.1054,0.0669,0.041,0.0241
2014-10,32190,0.0664,0.0685,0.0652,0.0675,0.028,0.0255
2014-11,24944,0.1097,0.074,0.1082,0.073,0.0361,0.0276
2014-12,23435,0.1504,0.0775,0.1493,0.0765,0.0555,0.0295
2015-01,38431,0.0703,0.0785,0.0703,0.0776,0.0338,0.0306
2015-02,39106,0.0882,0.0805,0.0869,0.0795,0.0409,0.0314
2015-03,45886,0.1057,0.085,0.1046,0.0839,0.0501,0.0342
2015-04,44259,0.08,0.0872,0.0791,0.086,0.0362,0.0341
2015-05,41660,0.0814,0.0872,0.0792,0.086,0.036,0.0351
2015-06,39237,0.1083,0.09,0.107,0.0888,0.0612,0.038
2015-07,23199,0.0948,0.0935,0.0948,0.0925,0.0517,0.0412
2015-08,33348,0.051,0.0927,0.051,0.0917,0.027,0.0415
2015-09,38495,0.0926,0.0916,0.0909,0.0905,0.0416,0.0415
2015-10,40628,0.137,0.0974,0.1354,0.0964,0.064,0.0445
2015-11,45361,0.0948,0.0962,0.0948,0.0953,0.0287,0.0439
2015-12,41687,0.2477,0.1043,0.2471,0.1034,0.0648,0.0447
2016-01,41924,0.1079,0.1074,0.1073,0.1065,0.0286,0.0442
2016-02,48048,0.1777,0.1149,0.1748,0.1138,0.077,0.0472
2016-03,50098,0.1048,0.1148,0.1038,0.1138,0.0279,0.0454
2016-04,52707,0.1283,0.1189,0.1271,0.1178,0.0304,0.0449
2016-05,53079,0.135,0.1233,0.1338,0.1223,0.0509,0.0461
2016-06,42945,0.2009,0.131,0.2003,0.1301,0.0815,0.0478
2016-07,26770,0.2255,0.1419,0.2241,0.1409,0.0747,0.0498
2016-08,38912,0.1436,0.1497,0.1413,0.1484,0.0745,0.0537
2016-09,43853,0.1098,0.1511,0.1095,0.1499,0.0547,0.0548
2016-10,45622,0.1642,0.1534,0.1622,0.1522,0.0701,0.0553
2016-11,48852,0.2352,0.1651,0.2334,0.1637,0.0962,0.0609
2016-12,45257,0.255,0.1657,0.2519,0.1641,0.1083,0.0646
2017-01,51860,0.155,0.1696,0.1523,0.1679,0.054,0.0667
2017-02,48725,0.2148,0.1727,0.2114,0.1709,0.0944,0.0681
2017-03,56341,0.1549,0.1769,0.1526,0.175,0.0657,0.0713
2017-04,46832,0.2104,0.1837,0.2071,0.1817,0.0811,0.0755
2017-05,52564,0.23,0.1916,0.2264,0.1894,0.1084,0.0803
2017-06,42499,0.275,0.1978,0.2729,0.1954,0.1482,0.0859
2017-07,26991,0.2455,0.1995,0.2408,0.1968,0.1037,0.0883
2017-08,39452,0.1836,0.2028,0.18,0.2,0.0862,0.0892
2017-09,41375,0.2473,0.2142,0.2417,0.2111,0.1112,0.094
2017-10,42320,0.2903,0.2248,0.2836,0.2212,0.1489,0.1005
2017-11,44583,0.3462,0.234,0.3387,0.2299,0.1637,0.1062
2017-12,45199,0.4169,0.2475,0.4093,0.2431,0.1991,0.1137
2018-01,51894,0.2967,0.2593,0.2891,0.2545,0.1522,0.1219
2018-02,45680,0.4475,0.2787,0.4422,0.2737,0.2123,0.1317
2018-03,48308,0.2728,0.2885,0.267,0.2832,0.1325,0.1373
2018-04,46207,0.3357,0.299,0.3268,0.2932,0.158,0.1437
2018-05,47174,0.3835,0.3117,0.371,0.3053,0.2014,0.1515
2018-06,36982,0.4806,0.3289,0.4678,0.3215,0.2542,0.1603
2018-07,25270,0.5097,0.3509,0.4986,0.343,0.1939,0.1678
2018-08,35281,0.358,0.3654,0.3486,0.357,0.1786,0.1755
2018-09,36179,0.519,0.3881,0.5031,0.3788,0.2681,0.1886
2018-10,41539,0.5608,0.4106,0.5417,0.4003,0.3057,0.2016
2018-11,38160,0.5717,0.4294,0.5556,0.4184,0.228,0.207
2018-12,31742,0.8567,0.4661,0.8349,0.4539,0.3245,0.2175
2019-01,51255,0.5106,0.4839,0.4956,0.4711,0.2283,0.2238
2019-02,43917,0.6343,0.4995,0.6171,0.4856,0.2482,0.2268
2019-03,46826,0.5303,0.5209,0.5147,0.5063,0.2541,0.2369
2019-04,45335,0.5942,0.5424,0.5823,0.5276,0.2735,0.2465
2019-05,44255,0.6193,0.5621,0.5965,0.5464,0.235,0.2493
2019-06,32491,0.7945,0.5883,0.7756,0.572,0.3478,0.2571
2019-07,24518,0.8735,0.6186,0.8484,0.6012,0.4119,0.2753
2019-08,31306,0.5262,0.6326,0.5111,0.6147,0.2204,0.2788
2019-09,32835,0.8252,0.6581,0.7979,0.6393,0.3746,0.2877
2019-10,38219,0.8655,0.6835,0.8347,0.6637,0.3454,0.291
2019-11,33999,1.0599,0.7242,1.0324,0.7034,0.403,0.3056
2019-12,31227,1.0883,0.7435,1.044,0.7209,0.4675,0.3175
2020-01,46167,0.5593,0.7475,0.5393,0.7245,0.2339,0.3179
2020-02,43803,0.7114,0.754,0.6895,0.7305,0.3242,0.3243
2020-03,38542,0.7061,0.7686,0.6772,0.7441,0.2984,0.328
2020-04,26278,0.7377,0.7806,0.7192,0.7555,0.3577,0.335
2020-05,25492,0.6952,0.7869,0.6826,0.7627,0.3491,0.3445
2020-06,24392,0.7242,0.781,0.6969,0.7561,0.3239,0.3425
2020-07,16243,0.9319,0.7859,0.8988,0.7603,0.3509,0.3374
2020-08,21032,0.6503,0.7962,0.6229,0.7696,0.271,0.3416
2020-09,28482,0.6631,0.7827,0.6285,0.7555,0.323,0.3373
2020-10,30166,0.7926,0.7767,0.7591,0.7492,0.3414,0.337
2020-11,29669,1.0108,0.7726,0.9707,0.7441,0.4516,0.3411
2020-12,27141,1.1705,0.7794,1.1238,0.7507,0.5527,0.3482
2021-01,26116,0.7312,0.7937,0.6969,0.7638,0.314,0.3548
2021-02,31853,0.7955,0.8008,0.7597,0.7697,0.3108,0.3537
2021-03,39749,0.9046,0.8173,0.873,0.786,0.3975,0.362
2021-04,40818,0.766,0.8197,0.7325,0.7871,0.3332,0.3599
2021-05,42454,0.8174,0.8298,0.7773,0.795,0.3651,0.3613
2021-06,38703,0.8705,0.842,0.8216,0.8054,0.3979,0.3674
2021-07,25313,0.9889,0.8468,0.9363,0.8085,0.4227,0.3734
2021-08,34738,0.6761,0.8489,0.6304,0.8091,0.2677,0.3731
2021-09,47181,0.8239,0.8623,0.7821,0.822,0.3603,0.3762
2021-10,49308,0.7976,0.8628,0.7605,0.8221,0.3164,0.3742
2021-11,54187,0.8722,0.8512,0.8268,0.8101,0.382,0.3684
2021-12,61924,0.9897,0.8361,0.9399,0.7947,0.3973,0.3554
2022-01,58156,0.7337,0.8363,0.693,0.7944,0.2975,0.354
2022-02,57542,0.7371,0.8315,0.6951,0.789,0.3232,0.3551
2022-03,67352,0.7254,0.8166,0.6726,0.7723,0.3356,0.3499
2022-04,55144,0.7595,0.816,0.7091,0.7704,0.2901,0.3463
2022-05,59656,0.8566,0.8193,0.8163,0.7736,0.3872,0.3482
2022-06,46909,0.8041,0.8137,0.7632,0.7688,0.3326,0.3427
2022-07,28796,0.9831,0.8133,0.9342,0.7686,0.3542,0.337
2022-08,44267,0.6659,0.8124,0.6257,0.7682,0.2824,0.3382
2022-09,47347,0.8122,0.8114,0.7625,0.7666,0.3865,0.3404
2022-10,50028,0.9751,0.8262,0.9175,0.7797,0.3938,0.3469
2022-11,52907,0.9009,0.8286,0.8411,0.7809,0.3894,0.3475
2022-12,59946,0.9712,0.8271,0.9125,0.7786,0.4054,0.3482
2023-01,47506,0.6051,0.8164,0.562,0.7677,0.2105,0.3409
2023-02,46662,0.6387,0.8082,0.6022,0.7599,0.3107,0.3399
2023-03,57248,0.6795,0.8043,0.6393,0.7571,0.3197,0.3385
2023-04,43741,0.6284,0.7934,0.5921,0.7474,0.2858,0.3382
2023-05,57081,0.7498,0.7845,0.7043,0.738,0.3101,0.3318
2023-06,39600,0.911,0.7934,0.8586,0.746,0.4066,0.3379
2023-07,25444,0.7726,0.7759,0.7153,0.7278,0.3773,0.3398
2023-08,39165,0.6887,0.7778,0.6358,0.7286,0.3575,0.3461
2023-09,40428,0.8551,0.7813,0.794,0.7312,0.371,0.3448
2023-10,43221,0.9507,0.7793,0.8861,0.7286,0.4581,0.3502
2023-11,43302,0.9728,0.7853,0.903,0.7338,0.4503,0.3553
2023-12,41995,1.1634,0.8013,1.0787,0.7476,0.4929,0.3625
2024-01,38363,0.8529,0.822,0.7898,0.7666,0.3571,0.3748
2024-02,40735,0.8287,0.8378,0.7586,0.7796,0.3093,0.3746
2024-03,42601,0.9225,0.858,0.8474,0.797,0.3732,0.3791
2024-04,45279,0.9191,0.8823,0.8481,0.8183,0.4174,0.3901
2024-05,39245,1.0665,0.9087,0.9938,0.8424,0.4994,0.4058
2024-06,30116,1.0809,0.9228,0.9895,0.8533,0.4848,0.4124
2024-07,23961,1.0746,0.948,0.9849,0.8758,0.4633,0.4195
2024-08,31545,0.8992,0.9655,0.8306,0.892,0.4406,0.4264
2024-09,35188,1.0468,0.9815,0.9435,0.9045,0.4973,0.437
2024-10,38938,1.1332,0.9967,1.0247,0.916,0.4803,0.4388
2024-11,37045,1.3818,1.0308,1.2633,0.9461,0.6128,0.4524
2024-12,38029,1.215,1.0351,1.0965,0.9476,0.547,0.4569
2025-01,36093,1.0003,1.0474,0.8921,0.9561,0.4987,0.4687
2025-02,36649,1.0767,1.068,0.9223,0.9697,0.5021,0.4847
2025-03,40209,1.0093,1.0753,0.868,0.9714,0.4352,0.4899
2025-04,39357,1.2637,1.104,1.1053,0.9929,0.559,0.5017
2025-05,35598,1.1304,1.1093,0.9776,0.9915,0.5478,0.5057
2025-06,27864,1.414,1.1371,1.2417,1.0125,0.646,0.5192
2025-07,20519,1.4535,1.1687,1.272,1.0365,0.7603,0.5439
2025-08,28941,1.049,1.1811,0.8915,1.0415,0.4872,0.5478
2025-09,36261,1.2511,1.1982,1.0866,1.0535,0.5295,0.5505
2025-10,37927,1.3101,1.2129,1.0995,1.0597,0.5194,0.5537
2025-11,35152,1.4858,1.2216,1.2517,1.0587,0.6059,0.5532
2025-12,39582,1.4255,1.2391,1.1723,1.0651,0.5406,0.5526
2026-01,32904,1.2661,1.2613,1.0455,1.0778,0.5319,0.5554
2026-02,42943,1.3686,1.2856,1.1108,1.0935,0.5519,0.5596
2026-03,49883,1.3337,1.3126,1.0645,1.1099,0.5032,0.5652
2026-04,33405,1.6547,1.3452,1.383,1.1331,0.7484,0.581
2026-05,39236,1.6499,1.3885,1.3508,1.1642,0.5964,0.5851
2026-06,40986,1.6055,1.4045,1.2882,1.168,0.6954,0.5892
