occupation,occupation_short,ai_ads,builds_pct,integrates_pct,uses_pct,year
Software and systems developers,Software and systems developers,786,46,27,5,2025
Doctoral students,Doctoral students,248,79,10,0,2025
Research assistants,Research assistants,146,67,15,1,2025
Other IT specialists,Other IT specialists,125,63,26,1,2025
Systems analysts and IT architects,Systems analysts and IT architects,107,54,33,1,2025
Electrical engineers and technicians,Electrical engineers and technicians,102,56,26,1,2025
University lecturers,University lecturers,48,71,10,0,2025
Medical secretaries and care administrators,Medical secretaries etc.,30,0,0,0,2025
Mechanical engineers,Mechanical engineers,26,65,27,0,2025
Electrical engineers (graduate),Electrical engineers (graduate),25,44,24,0,2025
