group,pct_using_genai_2026,moe_pp,pct_using_genai_2024,unit,source
all 16-74,53,2,28,% of persons aged 16–74,"SCB, Befolkningens it-användning / ICT use among the population (LE0108T82)"
men 16-74,54,,33,% of persons aged 16–74,"SCB, Befolkningens it-användning / ICT use among the population (LE0108T82)"
women 16-74,52,,23,% of persons aged 16–74,"SCB, Befolkningens it-användning / ICT use among the population (LE0108T82)"
16–24,71,4,55.0,% of persons aged 16–74,"SCB, Befolkningens it-användning / ICT use among the population (LE0108T82)"
25–34,62,5,40.0,% of persons aged 16–74,"SCB, Befolkningens it-användning / ICT use among the population (LE0108T82)"
35–44,62,4,33.0,% of persons aged 16–74,"SCB, Befolkningens it-användning / ICT use among the population (LE0108T82)"
45–54,57,4,23.0,% of persons aged 16–74,"SCB, Befolkningens it-användning / ICT use among the population (LE0108T82)"
55–64,42,3,11.0,% of persons aged 16–74,"SCB, Befolkningens it-användning / ICT use among the population (LE0108T82)"
65–74,20,2,4.0,% of persons aged 16–74,"SCB, Befolkningens it-användning / ICT use among the population (LE0108T82)"
