period,pct_machine_learning,pct_early_era,pct_generative,pct_generic_ai,pct_other,term_matches
2006,52.31,24.62,1.54,21.54,0,65
2007,55.95,26.19,0,15.48,1.19,84
2008,49.37,27.85,0,17.72,1.27,79
2009,68.54,19.1,0,7.87,0,89
2010,67.31,12.82,0,14.74,0.64,156
2011,62.55,14.61,0,10.11,0,267
2012,65.22,17.03,0,11.96,0,276
2013,73.91,13.38,0,8.36,0,299
2014,69.1,14.11,0,8.52,0.24,411
2015,61.1,13.39,0,8.82,0,635
2016,61.57,8.99,0,8.81,0.27,1124
2017,68.95,7.16,0.1,13.27,0.2,1997
2018,69.55,3.56,0.06,21.05,0.15,3231
2019,69.69,3.75,0.08,21.23,0.12,4880
2020,71.64,2.82,1.09,20.12,0,4220
2021,71.73,2.65,0.22,20.24,0.02,5578
2022,71.18,1.82,1.52,18.59,0.07,7640
2023,68.98,1.11,5.51,18.3,0.02,5755
2024,67.55,0.78,12.69,15.22,0.03,7161
2025,59.28,1.0,22.8,14.36,0.17,8303
2026-Q1,48.89,0.81,32.29,17.01,0.15,2704
2026-Q2,46.98,0.66,36.6,14.6,0.28,3178
2026-Q3,40.69,0.68,43.94,12.76,0.54,2797
