country,year,exposure_tercile,wage_index_base100
sweden,2014,high,100.0
sweden,2014,mid,100.0
sweden,2014,low,100.0
sweden,2015,high,102.0
sweden,2015,mid,102.4
sweden,2015,low,102.4
sweden,2016,high,103.8
sweden,2016,mid,103.8
sweden,2016,low,103.8
sweden,2017,high,103.9
sweden,2017,mid,105.3
sweden,2017,low,104.3
sweden,2018,high,104.3
sweden,2018,mid,105.8
sweden,2018,low,104.5
sweden,2019,high,104.6
sweden,2019,mid,106.3
sweden,2019,low,105.3
sweden,2020,high,106.1
sweden,2020,mid,107.2
sweden,2020,low,105.6
sweden,2021,high,107.2
sweden,2021,mid,108.1
sweden,2021,low,105.9
sweden,2022,high,101.5
sweden,2022,mid,102.5
sweden,2022,low,100.2
sweden,2023,high,97.3
sweden,2023,mid,98.3
sweden,2023,low,96.0
sweden,2024,high,98.4
sweden,2024,mid,98.8
sweden,2024,low,97.0
sweden,2025,high,100.8
sweden,2025,mid,101.0
sweden,2025,low,99.3
us,2015,high,100.0
us,2015,mid,100.0
us,2015,low,100.0
us,2016,high,101.3
us,2016,mid,101.8
us,2016,low,101.9
us,2017,high,101.3
us,2017,mid,102.6
us,2017,low,102.9
us,2018,high,101.0
us,2018,mid,103.1
us,2018,low,103.2
us,2019,high,102.0
us,2019,mid,104.5
us,2019,low,104.8
us,2020,high,105.9
us,2020,mid,111.0
us,2020,low,109.8
us,2021,high,102.8
us,2021,mid,109.7
us,2021,low,108.4
us,2022,high,98.7
us,2022,mid,106.4
us,2022,low,104.7
us,2023,high,100.8
us,2023,mid,108.0
us,2023,low,107.1
us,2024,high,101.5
us,2024,mid,109.3
us,2024,low,108.3
us,2025,high,103.4
us,2025,mid,110.6
us,2025,low,108.5
