condition,gender,pct_least_exposed_occ,pct_most_exposed_occ,daioe,wc_year
Mentally strenuous work,all,52,63.6,v2025,2024
Mentally strenuous work,women,55.6,62.1,v2025,2024
Mentally strenuous work,men,51.9,63.1,v2025,2024
Can influence own work,all,65.1,74,v2025,2024
Can influence own work,women,55.9,73.1,v2025,2024
Can influence own work,men,67.5,74.9,v2025,2024
Can't switch off after work,all,25.4,33.1,v2025,2024
Can't switch off after work,women,25.6,32.1,v2025,2024
Can't switch off after work,men,26.4,34.8,v2025,2024
Negative view of technology,all,13,9.6,v2025,2024
Negative view of technology,women,10.3,8.6,v2025,2024
Negative view of technology,men,13,10.5,v2025,2024
Work feels meaningful,all,87.4,89.4,v2025,2024
Work feels meaningful,women,85,92,v2025,2024
Work feels meaningful,men,86.1,87.1,v2025,2024
